{"2": [3, 7], "3": [2, 4, 7], "4": [3, 5, 8], "5": [4, 6, 8], "6": [5, 8], "7": [2, 3, 11], "8": [4, 5, 6, 12], "9": [10, 14], "10": [9, 14, 15], "11": [7, 16, 17, 18], "12": [8, 19, 20], "14": [9, 10, 21, 22], "15": [10, 16, 22], "16": [11, 15, 17], "17": [11, 16, 18], "18": [11, 17, 19], "19": [12, 18, 20], "20": [12, 19], "21": [14, 22], "22": [14, 15, 21]}
{"0": {"y": 116.66666666666667, "x": 598.88888888888891}, "1": {"y": 194.44444444444446, "x": 521.11111111111109}, "2": {"y": 194.44444444444446, "x": 598.88888888888891}, "3": {"y": 194.44444444444446, "x": 676.66666666666663}, "4": {"y": 194.44444444444446, "x": 754.44444444444446}, "5": {"y": 194.44444444444446, "x": 832.22222222222217}, "6": {"y": 194.44444444444446, "x": 910.0}, "7": {"y": 272.22222222222223, "x": 598.88888888888891}, "8": {"y": 272.22222222222223, "x": 832.22222222222217}, "9": {"y": 350.0, "x": 287.77777777777777}, "10": {"y": 350.0, "x": 365.55555555555554}, "11": {"y": 350.0, "x": 598.88888888888891}, "12": {"y": 350.0, "x": 832.22222222222217}, "13": {"y": 427.77777777777777, "x": 210.0}, "14": {"y": 427.77777777777777, "x": 287.77777777777777}, "15": {"y": 427.77777777777777, "x": 443.33333333333331}, "16": {"y": 427.77777777777777, "x": 521.11111111111109}, "17": {"y": 427.77777777777777, "x": 598.88888888888891}, "18": {"y": 427.77777777777777, "x": 676.66666666666663}, "19": {"y": 427.77777777777777, "x": 754.44444444444446}, "20": {"y": 427.77777777777777, "x": 832.22222222222217}, "21": {"y": 505.55555555555554, "x": 287.77777777777777}, "22": {"y": 505.55555555555554, "x": 365.55555555555554}, "23": {"y": 505.55555555555554, "x": 598.88888888888891}}